{"train/loss_vlb_epoch": 0.001414565951563418, "train/loss_simple_epoch": 0.06116738915443421, "_step": 1641, "_runtime": 92276.96790909767, "_timestamp": 1688169873.8018742, "train/loss_epoch": 0.06116738915443421, "train/loss_vlb_step": 9.114703425439075e-05, "trainer/global_step": 19949, "val/loss_simple_ema": 0.059921883046627045, "train/loss_simple_step": 0.013845756649971008, "global_step": 19949.0, "val/loss_ema": 0.059921883046627045, "train/loss_step": 0.013845756649971008, "val/loss_simple": 0.056687530130147934, "epoch": 2, "val/loss": 0.056687530130147934, "val/loss_vlb": 0.0013940524077042935, "val/loss_vlb_ema": 0.0012835018569603562, "_wandb": {"runtime": 10137}}